{
    "Black-Litterman": {
        "Sharpe": 0.39828286195193596,
        "Alpha": -0.0001695060238104262,
        "Turnover": 0.0006201469665187817,
        "Max Drawdown": -0.3512011233566867
    },
    "Markowitz": {
        "Sharpe": 0.23770657988701163,
        "Alpha": -0.0002927959300161854,
        "Turnover": 0.012095438281144224,
        "Max Drawdown": -0.5563424680447057
    }
}