{"bl": 0.42469809819137144, "bl_vol": 0.2853180149646659, "mw": 0.38508681444800985, "eq": 0.41563216492567095}