{
    "Black-Litterman": {
        "Sharpe": 0.3982829523280465,
        "Alpha": -0.0001695058359621942,
        "Turnover": 0.0006201468225000654,
        "Max Drawdown": -0.35120106306365306
    },
    "Markowitz": {
        "Sharpe": 0.23770685615717024,
        "Alpha": -0.0002927953958817036,
        "Turnover": 0.012095412290946609,
        "Max Drawdown": -0.5563422511691601
    }
}