{
    "Black-Litterman": {
        "Sharpe": 0.3982827526271799,
        "Alpha": -0.0001695060597910325,
        "Turnover": 0.0006201464288977449,
        "Max Drawdown": -0.35120116560244385
    },
    "Markowitz": {
        "Sharpe": 0.2377062498558989,
        "Alpha": -0.0002927960478811516,
        "Turnover": 0.012095420845142816,
        "Max Drawdown": -0.5563425621961304
    }
}