{
    "Black-Litterman": {
        "Sharpe": 0.3982829975960776,
        "Alpha": -0.00016950584353241818,
        "Turnover": 0.0006201468086853657,
        "Max Drawdown": -0.35120111332865583
    },
    "Markowitz": {
        "Sharpe": 0.23770695704391184,
        "Alpha": -0.0002927952560675615,
        "Turnover": 0.01209541559002563,
        "Max Drawdown": -0.5563422257898278
    }
}