model,asi
markowitz,0.8318290844581679
black_litterman,0.0017565271509201125
equal_weight,0.0
