model,asi
markowitz,0.8318291898053882
black_litterman,0.0017565259926671883
equal_weight,0.0
