Category,Metric,Base Value,Stressed Value
Tau Sensitivity,Expected Return (Max Certainty vs Min Certainty),0.02739544343665446,0.6509555219942221
Tau Sensitivity,Sharpe Ratio Decay,-0.008595662916739608,2.0518096543340043
Risk Aversion (Lambda),Volatility Collapse,0.3027330999558693,0.3027270864373956
2008 Crash Simulation,Crisis Total Return,0.036437997023242685,-0.22163408514538419
2008 Crash Simulation,Maximum Geometric Drawdown,-0.6296136108348251,-0.5325119452456686
2008 Crash Simulation,Volatility Spike Multiple,1.7816443224721805,2.81620423031315
2008 Crash Simulation,Daily 95% CVaR,-0.05936062176677259,-0.053149581500939486
