{
    "vol_t_stat": -2.6781513032001376,
    "vol_p_value": 0.010628678135929711,
    "asi_t_stat": 2.9273387296301263,
    "asi_p_value": 0.0046554551600128885
}