model,asi
markowitz,0.7134663046336903
black_litterman,0.003401289004610602
equal_weight,0.0
