model,asi
markowitz,0.8318289778331536
black_litterman,0.0017565258530650484
equal_weight,0.0
