{
    "Black-Litterman": {
        "Sharpe": 0.3982828812716238,
        "Alpha": -0.00016950601899488638,
        "Turnover": 0.0006201468946861131,
        "Max Drawdown": -0.35120102404698794
    },
    "Markowitz": {
        "Sharpe": 0.23770683376128127,
        "Alpha": -0.0002927955962192905,
        "Turnover": 0.012095412547880918,
        "Max Drawdown": -0.5563420640028749
    }
}