{
    "Black-Litterman": {
        "Sharpe": 0.3982827831242893,
        "Alpha": -0.00016950591573439264,
        "Turnover": 0.0006201467632399379,
        "Max Drawdown": -0.35120118383301
    },
    "Markowitz": {
        "Sharpe": 0.23770645374773802,
        "Alpha": -0.00029279579589236557,
        "Turnover": 0.012095422142265437,
        "Max Drawdown": -0.556342466215959
    }
}