Model,Alpha,Alpha_t_stat,R_squared,MKT_beta,SMB_beta,HML_beta,MOM_beta,P_value_Alpha
Black-Litterman,-0.0001695060248758732,-1.212906665902179,0.634565730084579,0.8211810983136616,-0.0773371926079101,0.05632841717369935,0.004616094377144471,0.2252779428018611
Markowitz,-0.0002927958738029147,-1.4183798106685517,0.4860109648276809,0.9039811902935377,-0.11382007091378755,0.06135838989523037,0.06376913303557938,0.15620219998104246
