Model,Alpha,Alpha_t_stat,R_squared,MKT_beta,SMB_beta,HML_beta,MOM_beta,P_value_Alpha
Black-Litterman,-0.00016950605620704486,-1.2129069377761215,0.6345658008834401,0.8211812131073056,-0.07733734299061015,0.056328682684262624,0.004616141729416284,0.2252778388631661
Markowitz,-0.00029279595500385035,-1.4183799293881356,0.4860110875244793,0.903981565955122,-0.11381938583269635,0.061358792714877576,0.06376946009635108,0.15620216534217615
