Model,Alpha,Alpha_t_stat,R_squared,MKT_beta,SMB_beta,HML_beta,MOM_beta,P_value_Alpha
Black-Litterman,-0.00016743732854593708,-1.1925706023171196,0.6313581040149335,0.819080238906742,-0.07681801008766848,0.056506506749041445,0.0031599878505615938,0.23314863037125208
Markowitz,-5.762556124152142e-05,-3.5406832424144024,0.9945233283558004,0.9780776383265,-0.12450439942898615,0.01676936275838892,-0.005536688912925198,0.0004062456719568143
