Model,Sharpe,Alpha,Turnover,Max Drawdown
Black-Litterman,0.39932488796901294,-0.0001674373726190165,0.0003916960438699569,-0.3509410242128523
Markowitz,0.6947710866850637,-5.762551186070228e-05,0.0003916960438699569,-0.35745871162149273
