Model,Sharpe,Alpha,Turnover,Max Drawdown
Black-Litterman,0.39828278298193553,-0.0001695060248758732,0.0006201467127452261,-0.3512010717766416
Markowitz,0.23770642797224867,-0.0002927958738029147,0.012095431474663023,-0.5563423540840382
