Model,Sharpe,Alpha,Turnover,Max Drawdown
Black-Litterman,0.3982827756255156,-0.00016950605620704486,0.0006201465174548651,-0.35120113789606916
Markowitz,0.237706419832878,-0.00029279595500385035,0.012095443759003878,-0.5563424011111665
