Regime,BL Sharpe,Markowitz Sharpe,BL Return,MV Return
Low_Vol,1.466535880589812,1.4921635481361277,0.16646560123558043,0.20644974422974052
High_Vol,-0.6439356754384101,-1.0076556323523411,-0.20070330137407347,-0.393845773296925
