Regime,BL Sharpe,Markowitz Sharpe,BL Return,MV Return
Low_Vol,1.4560431113027852,1.9432650889286593,0.16541470408216066,0.2231024822375087
High_Vol,-0.6312124099726835,-0.6091108503384917,-0.1967548875138463,-0.17582143397357647
