Regime,BL Sharpe,Markowitz Sharpe,BL Return,MV Return
Low_Vol,1.4560431178796218,1.9432648314279084,0.16541468667051856,0.2231023696184526
High_Vol,-0.631212329813106,-0.6091094909121058,-0.1967548708771414,-0.1758210951992407
