Analysis,T-Stat,P-Value
SOE vs Private,-0.5637286140809791,0.5729549761174795
