Analysis,T-Stat,P-Value
SOE vs Private,-0.5637285321860589,0.5729550318579847
