Market,Model,Return,Volatility,Sharpe,Turnover,ASI,Max_Drawdown
Tri-Market,Black-Litterman,0.07391474850855137,0.185099256232538,0.39932493524281454,0.0003916960438699569,0.0,-0.3509409297027209
Tri-Market,Markowitz,0.1223167689761887,0.17605332524232253,0.6947711371417155,0.0003916960438699569,0.0,-0.35745874362084434
